{
  "formatVersion": 1,
  "database": {
    "version": 8,
    "identityHash": "3482463b3f69bd7e4a94e44b4491d397",
    "entities": [
      {
        "tableName": "DownloadInfo",
        "createSql": "CREATE TABLE IF NOT EXISTS `${TABLE_NAME}` (`id` TEXT NOT NULL, `dirPath` TEXT NOT NULL, `url` TEXT NOT NULL, `fileName` TEXT NOT NULL, `mediaName` TEXT, `mediaBackdrop` TEXT, `mediaId` TEXT, `mediatype` TEXT, `refer` TEXT, `description` TEXT, `mimeType` TEXT, `totalBytes` INTEGER NOT NULL, `numPieces` INTEGER NOT NULL, `statusCode` INTEGER NOT NULL, `unmeteredConnectionsOnly` INTEGER NOT NULL, `retry` INTEGER NOT NULL, `partialSupport` INTEGER NOT NULL, `statusMsg` TEXT, `dateAdded` INTEGER NOT NULL, `visibility` INTEGER NOT NULL, `hasMetadata` INTEGER NOT NULL, `userAgent` TEXT, `numFailed` INTEGER NOT NULL, `retryAfter` INTEGER NOT NULL, `lastModify` INTEGER NOT NULL, `checksum` TEXT, PRIMARY KEY(`id`))",
        "fields": [
          {
            "fieldPath": "id",
            "columnName": "id",
            "affinity": "TEXT",
            "notNull": true
          },
          {
            "fieldPath": "dirPath",
            "columnName": "dirPath",
            "affinity": "TEXT",
            "notNull": true
          },
          {
            "fieldPath": "url",
            "columnName": "url",
            "affinity": "TEXT",
            "notNull": true
          },
          {
            "fieldPath": "fileName",
            "columnName": "fileName",
            "affinity": "TEXT",
            "notNull": true
          },
          {
            "fieldPath": "mediaName",
            "columnName": "mediaName",
            "affinity": "TEXT",
            "notNull": false
          },
          {
            "fieldPath": "mediaBackdrop",
            "columnName": "mediaBackdrop",
            "affinity": "TEXT",
            "notNull": false
          },
          {
            "fieldPath": "mediaId",
            "columnName": "mediaId",
            "affinity": "TEXT",
            "notNull": false
          },
          {
            "fieldPath": "mediatype",
            "columnName": "mediatype",
            "affinity": "TEXT",
            "notNull": false
          },
          {
            "fieldPath": "refer",
            "columnName": "refer",
            "affinity": "TEXT",
            "notNull": false
          },
          {
            "fieldPath": "description",
            "columnName": "description",
            "affinity": "TEXT",
            "notNull": false
          },
          {
            "fieldPath": "mimeType",
            "columnName": "mimeType",
            "affinity": "TEXT",
            "notNull": false
          },
          {
            "fieldPath": "totalBytes",
            "columnName": "totalBytes",
            "affinity": "INTEGER",
            "notNull": true
          },
          {
            "fieldPath": "numPieces",
            "columnName": "numPieces",
            "affinity": "INTEGER",
            "notNull": true
          },
          {
            "fieldPath": "statusCode",
            "columnName": "statusCode",
            "affinity": "INTEGER",
            "notNull": true
          },
          {
            "fieldPath": "unmeteredConnectionsOnly",
            "columnName": "unmeteredConnectionsOnly",
            "affinity": "INTEGER",
            "notNull": true
          },
          {
            "fieldPath": "retry",
            "columnName": "retry",
            "affinity": "INTEGER",
            "notNull": true
          },
          {
            "fieldPath": "partialSupport",
            "columnName": "partialSupport",
            "affinity": "INTEGER",
            "notNull": true
          },
          {
            "fieldPath": "statusMsg",
            "columnName": "statusMsg",
            "affinity": "TEXT",
            "notNull": false
          },
          {
            "fieldPath": "dateAdded",
            "columnName": "dateAdded",
            "affinity": "INTEGER",
            "notNull": true
          },
          {
            "fieldPath": "visibility",
            "columnName": "visibility",
            "affinity": "INTEGER",
            "notNull": true
          },
          {
            "fieldPath": "hasMetadata",
            "columnName": "hasMetadata",
            "affinity": "INTEGER",
            "notNull": true
          },
          {
            "fieldPath": "userAgent",
            "columnName": "userAgent",
            "affinity": "TEXT",
            "notNull": false
          },
          {
            "fieldPath": "numFailed",
            "columnName": "numFailed",
            "affinity": "INTEGER",
            "notNull": true
          },
          {
            "fieldPath": "retryAfter",
            "columnName": "retryAfter",
            "affinity": "INTEGER",
            "notNull": true
          },
          {
            "fieldPath": "lastModify",
            "columnName": "lastModify",
            "affinity": "INTEGER",
            "notNull": true
          },
          {
            "fieldPath": "checksum",
            "columnName": "checksum",
            "affinity": "TEXT",
            "notNull": false
          }
        ],
        "primaryKey": {
          "autoGenerate": false,
          "columnNames": [
            "id"
          ]
        },
        "indices": [],
        "foreignKeys": []
      },
      {
        "tableName": "DownloadPiece",
        "createSql": "CREATE TABLE IF NOT EXISTS `${TABLE_NAME}` (`pieceIndex` INTEGER NOT NULL, `infoId` TEXT NOT NULL, `size` INTEGER NOT NULL, `curBytes` INTEGER NOT NULL, `statusCode` INTEGER NOT NULL, `statusMsg` TEXT, `speed` INTEGER NOT NULL, PRIMARY KEY(`pieceIndex`, `infoId`), FOREIGN KEY(`infoId`) REFERENCES `DownloadInfo`(`id`) ON UPDATE NO ACTION ON DELETE CASCADE )",
        "fields": [
          {
            "fieldPath": "index",
            "columnName": "pieceIndex",
            "affinity": "INTEGER",
            "notNull": true
          },
          {
            "fieldPath": "infoId",
            "columnName": "infoId",
            "affinity": "TEXT",
            "notNull": true
          },
          {
            "fieldPath": "size",
            "columnName": "size",
            "affinity": "INTEGER",
            "notNull": true
          },
          {
            "fieldPath": "curBytes",
            "columnName": "curBytes",
            "affinity": "INTEGER",
            "notNull": true
          },
          {
            "fieldPath": "statusCode",
            "columnName": "statusCode",
            "affinity": "INTEGER",
            "notNull": true
          },
          {
            "fieldPath": "statusMsg",
            "columnName": "statusMsg",
            "affinity": "TEXT",
            "notNull": false
          },
          {
            "fieldPath": "speed",
            "columnName": "speed",
            "affinity": "INTEGER",
            "notNull": true
          }
        ],
        "primaryKey": {
          "autoGenerate": false,
          "columnNames": [
            "pieceIndex",
            "infoId"
          ]
        },
        "indices": [
          {
            "name": "index_DownloadPiece_infoId",
            "unique": false,
            "columnNames": [
              "infoId"
            ],
            "orders": [],
            "createSql": "CREATE INDEX IF NOT EXISTS `index_DownloadPiece_infoId` ON `${TABLE_NAME}` (`infoId`)"
          }
        ],
        "foreignKeys": [
          {
            "table": "DownloadInfo",
            "onDelete": "CASCADE",
            "onUpdate": "NO ACTION",
            "columns": [
              "infoId"
            ],
            "referencedColumns": [
              "id"
            ]
          }
        ]
      },
      {
        "tableName": "download_info_headers",
        "createSql": "CREATE TABLE IF NOT EXISTS `${TABLE_NAME}` (`id` INTEGER PRIMARY KEY AUTOINCREMENT NOT NULL, `infoId` TEXT NOT NULL, `name` TEXT, `value` TEXT, FOREIGN KEY(`infoId`) REFERENCES `DownloadInfo`(`id`) ON UPDATE NO ACTION ON DELETE CASCADE )",
        "fields": [
          {
            "fieldPath": "id",
            "columnName": "id",
            "affinity": "INTEGER",
            "notNull": true
          },
          {
            "fieldPath": "infoId",
            "columnName": "infoId",
            "affinity": "TEXT",
            "notNull": true
          },
          {
            "fieldPath": "name",
            "columnName": "name",
            "affinity": "TEXT",
            "notNull": false
          },
          {
            "fieldPath": "value",
            "columnName": "value",
            "affinity": "TEXT",
            "notNull": false
          }
        ],
        "primaryKey": {
          "autoGenerate": true,
          "columnNames": [
            "id"
          ]
        },
        "indices": [
          {
            "name": "index_download_info_headers_infoId",
            "unique": false,
            "columnNames": [
              "infoId"
            ],
            "orders": [],
            "createSql": "CREATE INDEX IF NOT EXISTS `index_download_info_headers_infoId` ON `${TABLE_NAME}` (`infoId`)"
          }
        ],
        "foreignKeys": [
          {
            "table": "DownloadInfo",
            "onDelete": "CASCADE",
            "onUpdate": "NO ACTION",
            "columns": [
              "infoId"
            ],
            "referencedColumns": [
              "id"
            ]
          }
        ]
      },
      {
        "tableName": "UserAgent",
        "createSql": "CREATE TABLE IF NOT EXISTS `${TABLE_NAME}` (`id` INTEGER PRIMARY KEY AUTOINCREMENT NOT NULL, `userAgent` TEXT NOT NULL, `readOnly` INTEGER NOT NULL)",
        "fields": [
          {
            "fieldPath": "id",
            "columnName": "id",
            "affinity": "INTEGER",
            "notNull": true
          },
          {
            "fieldPath": "userAgent",
            "columnName": "userAgent",
            "affinity": "TEXT",
            "notNull": true
          },
          {
            "fieldPath": "readOnly",
            "columnName": "readOnly",
            "affinity": "INTEGER",
            "notNull": true
          }
        ],
        "primaryKey": {
          "autoGenerate": true,
          "columnNames": [
            "id"
          ]
        },
        "indices": [],
        "foreignKeys": []
      },
      {
        "tableName": "BrowserBookmark",
        "createSql": "CREATE TABLE IF NOT EXISTS `${TABLE_NAME}` (`url` TEXT NOT NULL, `name` TEXT NOT NULL, `dateAdded` INTEGER NOT NULL, PRIMARY KEY(`url`))",
        "fields": [
          {
            "fieldPath": "url",
            "columnName": "url",
            "affinity": "TEXT",
            "notNull": true
          },
          {
            "fieldPath": "name",
            "columnName": "name",
            "affinity": "TEXT",
            "notNull": true
          },
          {
            "fieldPath": "dateAdded",
            "columnName": "dateAdded",
            "affinity": "INTEGER",
            "notNull": true
          }
        ],
        "primaryKey": {
          "autoGenerate": false,
          "columnNames": [
            "url"
          ]
        },
        "indices": [],
        "foreignKeys": []
      }
    ],
    "views": [],
    "setupQueries": [
      "CREATE TABLE IF NOT EXISTS room_master_table (id INTEGER PRIMARY KEY,identity_hash TEXT)",
      "INSERT OR REPLACE INTO room_master_table (id,identity_hash) VALUES(42, '3482463b3f69bd7e4a94e44b4491d397')"
    ]
  }
}